"created","favoriteCount","favorited","id","isRetweet","latitude","longitude","replyToSID","replyToSN","replyToUID","retweetCount","retweeted","screenName","statusSource","text","truncated"
"2017-09-06",0,FALSE,"905573970681806848",TRUE,NA,NA,NA,NA,NA,63,FALSE,"TChui29","<a href=""http://twitter.com/download/iphone"" rel=""nofollow"">Twitter for iPhone</a>","RT @TennisChannel: <ed><U+00A0><U+00BC><ed><U+00B7><U+00AA><ed><U+00A0><U+00BC><ed><U+00B7><U+00B8>@RafaelNadal faces 19-yr-old <ed><U+00A0><U+00BC><ed><U+00B7><U+00B7><ed><U+00A0><U+00BC><ed><U+00B7><U+00BA>@AndreyRublev97 in QF.
The press asked #Rafa about his age at #USOpen
<ed><U+00A0><U+00BD><ed><U+00B8><U+0095>""I don't want to…",FALSE
"2017-09-06",0,FALSE,"905568777491714048",TRUE,NA,NA,NA,NA,NA,14,FALSE,"armbuhler","<a href=""http://twitter.com/download/android"" rel=""nofollow"">Twitter for Android</a>","RT @Isabellemusy: #Rafa asked about what he thinks about #Federer :"" I don't want to look like if I want to be his boyfriend "" <ed><U+00A0><U+00BD><ed><U+00B8><U+0082><ed><U+00A0><U+00BD><ed><U+00B8><U+0082>#USopen #F…",FALSE
"2017-09-06",0,FALSE,"905560559642329088",FALSE,NA,NA,NA,NA,NA,0,FALSE,"ultm8swfans","<a href=""http://twitter.com"" rel=""nofollow"">Twitter Web Client</a>","Missed the 3rd set, but knew #Rafa was in control! <ed><U+00A0><U+00BD><ed><U+00B8><U+0084> Congrats on reaching your 5th @usopen SF @RafaelNadal! #Vamos!… https://t.co/Ub79Odinqz",TRUE
"2017-09-06",0,FALSE,"905550049924362240",FALSE,NA,NA,NA,NA,NA,0,FALSE,"sweetaloha001","<a href=""http://twitter.com/download/android"" rel=""nofollow"">Twitter for Android</a>","<ed><U+00A0><U+00BD><ed><U+00B1><U+008F><ed><U+00A0><U+00BD><ed><U+00B1><U+008F> #Vamos #Rafa #Nadal #USOpen https://t.co/ecilxkOeP9",FALSE
"2017-09-06",0,FALSE,"905549758772547584",FALSE,NA,NA,NA,NA,NA,0,FALSE,"sweetaloha001","<a href=""http://twitter.com/download/android"" rel=""nofollow"">Twitter for Android</a>","haha <ed><U+00A0><U+00BD><ed><U+00B8><U+0082><ed><U+00A0><U+00BD><ed><U+00B8><U+0082> #rafa #nadal #USOpen https://t.co/qeYI3mrAw8",FALSE
"2017-09-06",0,FALSE,"905549560658837504",FALSE,NA,NA,NA,NA,NA,0,FALSE,"sweetaloha001","<a href=""http://twitter.com/download/android"" rel=""nofollow"">Twitter for Android</a>","Lovely to see, go Rafa<ed><U+00A0><U+00BD><ed><U+00B1><U+008D>#Vamos #Rafa #Nadal #FaveTennisPlayer #USOpen https://t.co/e5q8LBLH6d",FALSE
"2017-09-06",0,FALSE,"905549050476281856",FALSE,NA,NA,NA,NA,NA,0,FALSE,"sweetaloha001","<a href=""http://twitter.com/download/android"" rel=""nofollow"">Twitter for Android</a>","#Legends #Respect #Rafa #Roger #LoveTennis #USOpen https://t.co/m710IM4QEX",FALSE
"2017-09-06",0,FALSE,"905548422060658688",FALSE,NA,NA,NA,NA,NA,0,FALSE,"sLlorcaTennis","<a href=""http://twitter.com"" rel=""nofollow"">Twitter Web Client</a>","Nadal vs Rublev Highlights https://t.co/BOfhKukacF #USOpen #VamosRafa #rafa #Nadal",FALSE
"2017-09-06",1,FALSE,"905547806588403712",FALSE,NA,NA,"905544740392796160","tristar009","3002114907",0,FALSE,"RicoBello","<a href=""http://twitter.com"" rel=""nofollow"">Twitter Web Client</a>","@tristar009 @stu_fraser uh ... do you realize Rafa is 23 to 14 in H2H against Roger? <ed><U+00A0><U+00BD><ed><U+00B9><U+0084>#Rafa #USOpen",FALSE
"2017-09-06",0,FALSE,"905547229305425926",FALSE,NA,NA,NA,NA,NA,0,FALSE,"WadeByington","<a href=""http://twitter.com/download/android"" rel=""nofollow"">Twitter for Android</a>","While I want to see #Rafa vs #Federer Friday night, a match with #Delpo would be ok too. That match in Rio last year was fantastic!
#USOpen",FALSE
"2017-09-06",21,FALSE,"905539579117219840",FALSE,NA,NA,NA,NA,NA,10,FALSE,"BillSimons1","<a href=""http://twitter.com"" rel=""nofollow"">Twitter Web Client</a>","I ask #Rafa what he admires most about Roger. He responds he doesn't want to be Roger's boyfriend. Press rm cracks up at #USOpen",FALSE
"2017-09-06",28,FALSE,"905539563749335040",FALSE,NA,NA,NA,NA,NA,14,FALSE,"Isabellemusy","<a href=""http://twitter.com/download/iphone"" rel=""nofollow"">Twitter for iPhone</a>","#Rafa asked about what he thinks about #Federer :"" I don't want to look like if I want to be his boyfriend "" <ed><U+00A0><U+00BD><ed><U+00B8><U+0082><ed><U+00A0><U+00BD><ed><U+00B8><U+0082>#USopen #Fedal #RTSsport",FALSE
"2017-09-06",0,FALSE,"905538441710100480",TRUE,NA,NA,NA,NA,NA,35,FALSE,"jana_rezacova","<a href=""http://twitter.com/download/android"" rel=""nofollow"">Twitter for Android</a>","RT @corinnedubreuil: Smiling @RafaelNadal #Practice #usopen #hot #yellow #soccer #nike #vamosrafa #rafa #smile <ed><U+00A0><U+00BD><ed><U+00B1><U+0080><U+2600><U+FE0F><ed><U+00A0><U+00BD><ed><U+00B8><U+008E> https://t.co/7t2fgcZy4X",FALSE
"2017-09-06",1,FALSE,"905535971944304641",FALSE,"41.02342238","28.87239245",NA,NA,NA,0,FALSE,"CemCeviz","<a href=""http://instagram.com"" rel=""nofollow"">Instagram</a>","Bu is bu kadar... #rafaelnadal #usopen #rafa #kingofclay… https://t.co/6MFTt31UrR",FALSE
"2017-09-06",0,FALSE,"905532986778689536",TRUE,NA,NA,NA,NA,NA,3,FALSE,"Vamosgirl1","<a href=""http://twitter.com/download/android"" rel=""nofollow"">Twitter for Android</a>","RT @radosko: Why not just rename it to #NextNextNextMaybeOneDayOnAnotherPlanetGen #USOpen #rafa",FALSE
"2017-09-06",1,FALSE,"905532647975387136",FALSE,NA,NA,NA,NA,NA,0,FALSE,"PJB956","<a href=""http://twitter.com"" rel=""nofollow"">Twitter Web Client</a>","Love my #Rafa. Always a #gentleman - and great #champion. #USOpen  #tennis. On to the #semifinals - to play against… https://t.co/xZYea0B9KP",TRUE
"2017-09-06",0,FALSE,"905531776730312706",FALSE,NA,NA,NA,NA,NA,0,FALSE,"PinoyinDubai","<a href=""http://twitter.com/#!/download/ipad"" rel=""nofollow"">Twitter for iPad</a>","Some anti-#Rafa #Nadal is starting to question his draw. Why not blame seeded players in his Quarter for the loss?… https://t.co/jN9wI8uEFA",TRUE
"2017-09-06",0,FALSE,"905531668160753664",FALSE,NA,NA,NA,NA,NA,0,FALSE,"Clozzzer","<a href=""http://twitter.com/download/android"" rel=""nofollow"">Twitter for Android</a>","Et c'est kikiestendemi ? Hein c'est qui ? <ed><U+00A0><U+00BD><ed><U+00B8><U+008D><ed><U+00A0><U+00BD><ed><U+00B8><U+008D><ed><U+00A0><U+00BD><ed><U+00B8><U+008D> #USOpen #Usopen2017 #tennis #rafa #rafaelnadal https://t.co/EJd38v3xNE",FALSE
"2017-09-06",9,FALSE,"905529829931540480",FALSE,NA,NA,NA,NA,NA,3,FALSE,"radosko","<a href=""http://twitter.com"" rel=""nofollow"">Twitter Web Client</a>","Why not just rename it to #NextNextNextMaybeOneDayOnAnotherPlanetGen #USOpen #rafa",FALSE
"2017-09-06",0,FALSE,"905528544960401412",FALSE,NA,NA,NA,NA,NA,0,FALSE,"justiine777","<a href=""http://twitter.com"" rel=""nofollow"">Twitter Web Client</a>","Yeeees, please! <ed><U+00A0><U+00BD><ed><U+00B8><U+0080> #Rafa #Roger #USOpen https://t.co/3gKDE4mQ1G",FALSE
"2017-09-06",0,FALSE,"905525011989094400",FALSE,NA,NA,NA,"espn","2557521",0,FALSE,"MangaFox","<a href=""http://twitter.com"" rel=""nofollow"">Twitter Web Client</a>","@ESPN @usopen 

When #Rafa speaks post-game, the moisture levels <ed><U+00A0><U+00BD><ed><U+00BA><U+00BA> in that stadium rise.  <ed><U+00A0><U+00BE><ed><U+00B4><U+00A3>

Funny seeing ladies candid on camera. <ed><U+00A0><U+00BC><ed><U+00BE><U+00A5> #USOpen",FALSE
"2017-09-06",0,FALSE,"905524975146172416",FALSE,NA,NA,NA,NA,NA,0,FALSE,"taranumgoel","<a href=""http://twitter.com/download/iphone"" rel=""nofollow"">Twitter for iPhone</a>","#Rafa will face #Federer like old times #USOpen",FALSE
"2017-09-06",2,FALSE,"905524221073383424",FALSE,NA,NA,NA,NA,NA,0,FALSE,"IrisMGC","<a href=""http://twitter.com/download/android"" rel=""nofollow"">Twitter for Android</a>","Ce rose fluo<ed><U+00A0><U+00BD><ed><U+00B8><U+00A5>... Mais que fait Anna Wintour ? #Rafa #Nadal #USOpen https://t.co/xlPbcJOVHW",FALSE
"2017-09-06",0,FALSE,"905523919943344128",FALSE,NA,NA,NA,NA,NA,0,FALSE,"AME_0007","<a href=""http://twitter.com/download/android"" rel=""nofollow"">Twitter for Android</a>","Nadal to semifinal #USOpen #rafa",FALSE
"2017-09-06",0,FALSE,"905523912926167040",FALSE,NA,NA,NA,NA,NA,0,FALSE,"Josh_Wong94","<a href=""http://twitter.com/download/iphone"" rel=""nofollow"">Twitter for iPhone</a>","Vamos #rafa #USopen",FALSE
"2017-09-06",0,FALSE,"905523726606848000",FALSE,NA,NA,NA,NA,NA,0,FALSE,"martin97_ne","<a href=""http://twitter.com/download/android"" rel=""nofollow"">Twitter for Android</a>","Boom!

@RafaelNadal #rafa #VamosRafa venció a Rublev 6-1, 6-2, 6-2. La fiera sigue suelta<ed><U+00A0><U+00BD><ed><U+00B2><U+00AA><ed><U+00A0><U+00BD><ed><U+00B2><U+00AA><ed><U+00A0><U+00BD><ed><U+00B2><U+00AA><ed><U+00A0><U+00BD><ed><U+00B2><U+00AA><ed><U+00A0><U+00BD><ed><U+00B2><U+00AA>

#usopen https://t.co/y0m972ma39",FALSE
"2017-09-06",0,FALSE,"905523039256932352",TRUE,NA,NA,NA,NA,NA,2,FALSE,"SportsNut24","<a href=""http://twitter.com/download/iphone"" rel=""nofollow"">Twitter for iPhone</a>","RT @FlashScore2: #Rafa #Nadal dismantles Andrey #Rublev 6-1 6-2 6-2 to reach the 2017 #USOpen semi-finals! #ATP #Tennis  https://t.co/OPvEB…",FALSE
"2017-09-06",1,FALSE,"905522840031678465",FALSE,NA,NA,NA,NA,NA,0,FALSE,"sarahbrookes1","<a href=""http://twitter.com/download/iphone"" rel=""nofollow"">Twitter for iPhone</a>","And that was that. #rafa #USOpen <ed><U+00A0><U+00BD><ed><U+00B1><U+008F><ed><U+00A0><U+00BC><ed><U+00BF><U+00BC><ed><U+00A0><U+00BD><ed><U+00B2><U+0095>",FALSE
"2017-09-06",0,FALSE,"905522823971704833",FALSE,NA,NA,NA,NA,NA,0,FALSE,"ggmarquez","<a href=""http://twitter.com"" rel=""nofollow"">Twitter Web Client</a>","#rublev Rubble
Unrelenting #Rafa shows he's got plenty ammo left for 'em upstarts
#USOpen",FALSE
"2017-09-06",0,FALSE,"905522666492264449",FALSE,"40.74988781","-73.84669408",NA,NA,NA,0,FALSE,"nishab74","<a href=""http://instagram.com"" rel=""nofollow"">Instagram</a>","#rafa #matchpoint #usopen #usopen2017 #quarterfinals #poorrussian @bubblesbott  @usopen @ US… https://t.co/Gnl7YGvR95",FALSE
"2017-09-06",0,FALSE,"905522650520444928",FALSE,NA,NA,NA,NA,NA,0,FALSE,"artindira","<a href=""http://twitter.com/download/android"" rel=""nofollow"">Twitter for Android</a>","Some days are easy,on to the semis #Rafa #USOpen",FALSE
"2017-09-06",0,FALSE,"905522641519484928",FALSE,NA,NA,NA,NA,NA,0,FALSE,"romanzum","<a href=""http://twitter.com/download/android"" rel=""nofollow"">Twitter for Android</a>","Grande #Rafa pasa a semis del #USOpen",FALSE
"2017-09-06",0,FALSE,"905522617255374849",FALSE,NA,NA,NA,NA,NA,0,FALSE,"a3068731c51643b","<a href=""http://twitter.com/download/android"" rel=""nofollow"">Twitter for Android</a>","Well done my babbbyyy<ed><U+00A0><U+00BD><ed><U+00B8><U+008D><ed><U+00A0><U+00BD><ed><U+00B8><U+008D><ed><U+00A0><U+00BD><ed><U+00B8><U+008D><ed><U+00A0><U+00BD><ed><U+00B8><U+008D><ed><U+00A0><U+00BD><ed><U+00B8><U+008D><ed><U+00A0><U+00BD><ed><U+00B8><U+008D><ed><U+00A0><U+00BD><ed><U+00B8><U+008D> #USOpen #rafa<ed><U+00A0><U+00BD><ed><U+00B8><U+008D><ed><U+00A0><U+00BD><ed><U+00B8><U+008D><ed><U+00A0><U+00BD><ed><U+00B8><U+008D><ed><U+00A0><U+00BD><ed><U+00B2><U+0099><ed><U+00A0><U+00BD><ed><U+00B2><U+0099><ed><U+00A0><U+00BD><ed><U+00B2><U+0099><ed><U+00A0><U+00BD><ed><U+00B2><U+0099> Semis babby @RafaelNadal<U+2764><U+2764><U+2764><U+2764><U+2764>",FALSE
"2017-09-06",0,FALSE,"905522541661474819",FALSE,NA,NA,NA,NA,NA,0,FALSE,"segconvocar","<a href=""http://twitter.com/download/iphone"" rel=""nofollow"">Twitter for iPhone</a>","You are so great &amp; strong. Incredible WIN #RAFA @ #usopen tennis <ed><U+00A0><U+00BC><ed><U+00B7><U+00AA><ed><U+00A0><U+00BC><ed><U+00B7><U+00B8><ed><U+00A0><U+00BD><ed><U+00B8><U+0098><ed><U+00A0><U+00BD><ed><U+00B1><U+0091><ed><U+00A0><U+00BC><ed><U+00BE><U+00BE><U+2139><ed><U+00A0><U+00BE><ed><U+00B4><U+0091><U+26A0> &lt;<ed><U+00A0><U+00BD><ed><U+00B1><U+0081>&gt;",FALSE
"2017-09-06",0,FALSE,"905522520807407618",FALSE,NA,NA,NA,NA,NA,0,FALSE,"vrj28","<a href=""http://twitter.com/download/android"" rel=""nofollow"">Twitter for Android</a>","This man is a machine. Finishes a major quarter final in less than 100 minutes. @RafaelNadal at his best. #USOpen @usopen #rafa #rafanadal",FALSE
"2017-09-06",0,FALSE,"905522515925131264",FALSE,NA,NA,NA,NA,NA,0,FALSE,"sakshi2929","<a href=""http://twitter.com/download/android"" rel=""nofollow"">Twitter for Android</a>","The last time #Rafa reached the SF of #USOpen he won the championship (2013). #justsaying <ed><U+00A0><U+00BE><ed><U+00B4><U+0093> #VamosRafa",FALSE
"2017-09-06",0,FALSE,"905522506982883328",FALSE,NA,NA,NA,NA,NA,0,FALSE,"Marketer79","<a href=""http://twitter.com"" rel=""nofollow"">Twitter Web Client</a>","#RAFA see you in the semis! #USOpen",FALSE
"2017-09-06",0,FALSE,"905522378494558208",FALSE,NA,NA,NA,NA,NA,0,FALSE,"secularengineer","<a href=""http://twitter.com/download/iphone"" rel=""nofollow"">Twitter for iPhone</a>","Semis. #Rafa #Vamos #USOpen <ed><U+00A0><U+00BD><ed><U+00B1><U+008F><ed><U+00A0><U+00BC><ed><U+00BF><U+00BB><U+270C><ed><U+00A0><U+00BC><ed><U+00BF><U+00BB>",FALSE
"2017-09-06",6,FALSE,"905522352922005504",FALSE,NA,NA,NA,NA,NA,0,FALSE,"SianLaChamp","<a href=""http://twitter.com/download/iphone"" rel=""nofollow"">Twitter for iPhone</a>","Shit hot &amp; into the semis <ed><U+00A0><U+00BD><ed><U+00B4><U+00A5>
#Rafa #USOpen",FALSE
"2017-09-06",1,FALSE,"905522331593924609",FALSE,NA,NA,NA,NA,NA,2,FALSE,"FlashScore2","<a href=""https://about.twitter.com/products/tweetdeck"" rel=""nofollow"">TweetDeck</a>","#Rafa #Nadal dismantles Andrey #Rublev 6-1 6-2 6-2 to reach the 2017 #USOpen semi-finals! #ATP #Tennis… https://t.co/AeMpUdTNUL",TRUE
"2017-09-06",0,FALSE,"905519798641197056",FALSE,NA,NA,NA,"RafaelNadal","344634424",0,FALSE,"TajMohsin","<a href=""http://twitter.com/download/android"" rel=""nofollow"">Twitter for Android</a>","@RafaelNadal,The way you are playing today,play the same with Roger. That would be epic..Way to go Rafa #rafa #VamosRafa #rafanadal #USOpen",FALSE
"2017-09-06",0,FALSE,"905518149696671747",FALSE,NA,NA,NA,NA,NA,0,FALSE,"Sulsters_inc","<a href=""http://twitter.com/download/android"" rel=""nofollow"">Twitter for Android</a>","Federer has got very lucky in some recent Slams. C'mon #rafanadal #rafaelnadal #rafa #Nadal #vamos #USOpen #tennis <ed><U+00A0><U+00BD><ed><U+00B1><U+008A><ed><U+00A0><U+00BC><ed><U+00BE><U+00BE>",FALSE
"2017-09-06",0,FALSE,"905517951259947011",FALSE,NA,NA,NA,NA,NA,0,FALSE,"TforTieBreak","<a href=""http://twitter.com"" rel=""nofollow"">Twitter Web Client</a>","Brutal mauling. Match would be rated 18+ for Gore and sheer bloody minded ruthlessness. #USOpen #Rafa #rublev",FALSE
"2017-09-06",0,FALSE,"905517663589466114",FALSE,NA,NA,NA,NA,NA,0,FALSE,"Sulsters_inc","<a href=""http://twitter.com/download/android"" rel=""nofollow"">Twitter for Android</a>","The easier this is for #rafa the better ... Hope Del Potro really puts Federer through the mill, better still knock him out #USOpen #vamos",FALSE
"2017-09-06",1,FALSE,"905517423603761152",FALSE,NA,NA,NA,NA,NA,0,FALSE,"boabored","<a href=""http://twitter.com/download/iphone"" rel=""nofollow"">Twitter for iPhone</a>","<U+672C><U+6C17><U+306E><U+30CA><U+30C0><U+30EB>…<ed><U+00A0><U+00BD><ed><U+00B8><U+0093><U+30EB><U+30D6><U+30EC><U+30D5><U+3082><U+3051><U+3063><U+3053><U+3046><U+3084><U+308B><U+3068><U+601D><U+3063><U+305F><U+3051><U+3069>…<ed><U+00A0><U+00BD><ed><U+00B8><U+008C><U+307B><U+3093><U+306E><U+3059><U+3053><U+3049><U+3057><U+304F><U+3089><U+3044><U+306E><U+624B><U+52A0><U+6E1B><U+3082><U+3059><U+308B><U+306F><U+305A><U+306A><U+3044><U+4EBA>=<U+30CA><U+30C0><U+30EB>…

<U+3067><U+3082><U+4ECA><U+65E5><U+306F> #Federer vs #DelPotro <U+306E><U+30D3><U+30C3><U+30B0><U+30DE><U+30C3><U+30C1><U+30A3><ed><U+00A0><U+00BD><ed><U+00B8><U+00B3>09<U+5E74><U+306E><U+518D><U+73FE><U+304C><U+3053><U+308F><U+3044>…<ed><U+00A0><U+00BD><ed><U+00B8><U+0093>
#RafaelNadal #Rafa #USOpen",FALSE
"2017-09-06",0,FALSE,"905517036847210497",TRUE,NA,NA,NA,NA,NA,3,FALSE,"DesertIsleSkin","<a href=""http://twitter.com"" rel=""nofollow"">Twitter Web Client</a>","RT @DesertIsleSkin: Come on @RafaelNadal playing such an amazing match so far @usopen #USOpen #Tennis #Rafa #Vamos #FlushingMeadows #Nadal…",FALSE
"2017-09-06",1,FALSE,"905516289044643841",FALSE,NA,NA,NA,NA,NA,0,FALSE,"martin97_ne","<a href=""http://twitter.com/download/android"" rel=""nofollow"">Twitter for Android</a>","#VamosRafa #Rafa

Nadal vs Rublev 6-1, 6-2.

#usopen https://t.co/VJkuEWQRtc",FALSE
"2017-09-06",0,FALSE,"905514746841051137",TRUE,NA,NA,NA,NA,NA,1,FALSE,"p0nkm0nkey","<a href=""http://twitter.com/download/android"" rel=""nofollow"">Twitter for Android</a>","RT @hodawg528: If #Rafa gets further than #Roger at #USOpen will be first time in history that men and women's world #1 will be Spanish <ed><U+00A0><U+00BC><ed><U+00B7><U+00AA><ed><U+00A0><U+00BC><ed><U+00B7><U+00B8>…",FALSE
"2017-09-06",1,FALSE,"905514228223799306",FALSE,NA,NA,"905511766871998464","KimChakanetsa","252585753",0,FALSE,"ambokowameyo","<a href=""http://twitter.com/download/android"" rel=""nofollow"">Twitter for Android</a>","@KimChakanetsa @Msuwonkunda @NishatL @ebraheemshehu @RafaelNadal Kim, #Rafa is done with the second set. Just one m… https://t.co/NPyTRKHhuB",TRUE
"2017-09-06",1,FALSE,"905514044492275713",FALSE,NA,NA,NA,NA,NA,1,FALSE,"hodawg528","<a href=""http://twitter.com/download/iphone"" rel=""nofollow"">Twitter for iPhone</a>","If #Rafa gets further than #Roger at #USOpen will be first time in history that men and women's world #1 will be Spanish <ed><U+00A0><U+00BC><ed><U+00B7><U+00AA><ed><U+00A0><U+00BC><ed><U+00B7><U+00B8> #vamos #Muguruza",FALSE
"2017-09-06",2,FALSE,"905513919078309888",FALSE,NA,NA,NA,NA,NA,0,FALSE,"sarahstew12","<a href=""http://twitter.com/download/iphone"" rel=""nofollow"">Twitter for iPhone</a>","wedgie. L shoulder. R shoulder. nose. L ear. nose. R ear. there aren't many men who can pull off a pre serve routine like that #USOpen #Rafa",FALSE
"2017-09-06",0,FALSE,"905513891064676352",FALSE,NA,NA,NA,NA,NA,0,FALSE,"balp","<a href=""http://twitter.com/download/iphone"" rel=""nofollow"">Twitter for iPhone</a>",".@RafaelNadal is just fantastic #USOpen #rafa Vamos! https://t.co/E0RXNrzwGr",FALSE
"2017-09-06",0,FALSE,"905513766154104832",FALSE,NA,NA,NA,NA,NA,0,FALSE,"lynne_pampena","<a href=""http://twitter.com/download/android"" rel=""nofollow"">Twitter for Android</a>","Watching #rafa....go away lol <ed><U+00A0><U+00BD><ed><U+00B8><U+008E> #usopen",FALSE
"2017-09-06",0,FALSE,"905513697866645505",FALSE,NA,NA,NA,NA,NA,0,FALSE,"bendignan","<a href=""http://twitter.com"" rel=""nofollow"">Twitter Web Client</a>","#Rafa just one set from the #USOpen semis! #VamosRafa https://t.co/jY0lVKRNig",FALSE
"2017-09-06",0,FALSE,"905513387525857285",FALSE,NA,NA,NA,NA,NA,0,FALSE,"Ivan55k","<a href=""http://twitter.com/download/android"" rel=""nofollow"">Twitter for Android</a>","wow @RafaelNadal wins 2 sets in only 58 minutes. Must be a record for #rafaelnadal  in grand slam tournament on hard court #USOpen #rafa",FALSE
"2017-09-06",0,FALSE,"905513340696489986",FALSE,NA,NA,NA,NA,NA,0,FALSE,"Sandile_GAM","<a href=""http://twitter.com/download/android"" rel=""nofollow"">Twitter for Android</a>","It's turning into a tennis lesson by #Rafa #NadalvsRublev #USOpen",FALSE
"2017-09-06",0,FALSE,"905513259612196864",FALSE,NA,NA,NA,NA,NA,0,FALSE,"artindira","<a href=""http://twitter.com/download/android"" rel=""nofollow"">Twitter for Android</a>","It look likes its gonna be over soon,last set if Andrey doesn't fight back #Rafa #USOpen",FALSE
"2017-09-06",0,FALSE,"905513200652832768",FALSE,NA,NA,NA,NA,NA,0,FALSE,"CorbettSports","<a href=""http://twitter.com"" rel=""nofollow"">Twitter Web Client</a>","#Rafa #Nadal in complete control now as he takes the 2nd set 6-2. 

He's now...5/4...to Lift The #USOpen 2017 Title… https://t.co/4eOSZsJQMP",TRUE
"2017-09-06",0,FALSE,"905513114770309122",FALSE,NA,NA,NA,NA,NA,0,FALSE,"romanzum","<a href=""http://twitter.com/download/android"" rel=""nofollow"">Twitter for Android</a>","Vamos #Rafa gana el 2o 6:2 parece q tiene prisa para descansar para las semis #USOpen",FALSE
"2017-09-06",1,FALSE,"905512855377731585",FALSE,NA,NA,NA,NA,NA,0,FALSE,"AliQuack","<a href=""http://twitter.com/download/android"" rel=""nofollow"">Twitter for Android</a>","#Rafa masterclass <ed><U+00A0><U+00BD><ed><U+00B2><U+0097> 
#USOpen",FALSE
"2017-09-06",0,FALSE,"905512381295374336",FALSE,NA,NA,NA,NA,NA,0,FALSE,"taranumgoel","<a href=""http://twitter.com/download/iphone"" rel=""nofollow"">Twitter for iPhone</a>","#Rafa in his true form serving for set 2 #USOpen #UsOpen17",FALSE
"2017-09-06",0,FALSE,"905512362186334208",FALSE,NA,NA,NA,NA,NA,0,FALSE,"martin97_ne","<a href=""http://twitter.com/download/android"" rel=""nofollow"">Twitter for Android</a>","La entrada de #rafa #USOpen https://t.co/Q6tx4hTn09",FALSE
"2017-09-06",1,FALSE,"905512156698996736",FALSE,NA,NA,NA,NA,NA,0,FALSE,"Ivan55k","<a href=""http://twitter.com/download/android"" rel=""nofollow"">Twitter for Android</a>","I thought that #rafa will have more problems with #Rublev  because they play indoors #USOpen #VamosRafa #rafaelnadal",FALSE
"2017-09-06",0,FALSE,"905512070967287808",FALSE,NA,NA,NA,NA,NA,0,FALSE,"Nadal__Tenis","<a href=""https://dlvrit.com/"" rel=""nofollow"">dlvr.it</a>","I will watch on your behalf too, as am doing for Kim now... #Rafa is about to take the second set #USOpen… https://t.co/0bUMqBKzLT",TRUE
"2017-09-06",1,FALSE,"905511710261465089",FALSE,NA,NA,"905511137973858308","NishatL","57595529",0,FALSE,"ambokowameyo","<a href=""http://twitter.com/download/android"" rel=""nofollow"">Twitter for Android</a>","@NishatL @Msuwonkunda @ebraheemshehu @KimChakanetsa @RafaelNadal I will watch on your behalf too, as am doing for K… https://t.co/rCWCMs6Lzm",TRUE
"2017-09-06",1,FALSE,"905509042394681344",FALSE,NA,NA,NA,NA,NA,0,FALSE,"CedricNdilima","<a href=""http://twitter.com/download/android"" rel=""nofollow"">Twitter for Android</a>","I see the talent in #Rublev but I dont think he ready to beat #Rafa....Not enough variety yet to trouble the big man #USOpen",FALSE
"2017-09-06",0,FALSE,"905508503317495808",FALSE,NA,NA,NA,NA,NA,0,FALSE,"sumit6500","<a href=""http://twitter.com/download/android"" rel=""nofollow"">Twitter for Android</a>","champion back in form #vamos #Rafa #USOpen",FALSE
"2017-09-06",0,FALSE,"905508188342116352",FALSE,NA,NA,NA,NA,NA,0,FALSE,"martin97_ne","<a href=""http://twitter.com/download/android"" rel=""nofollow"">Twitter for Android</a>","#USOpen el primer ser ya lo gana #Rafa #VamosRafa 6-1 a @AndreyRublev97 https://t.co/RsKpMPl7qo",FALSE
"2017-09-06",1,FALSE,"905507912495312899",FALSE,NA,NA,NA,NA,NA,0,FALSE,"KimberleyMatt","<a href=""http://twitter.com/download/iphone"" rel=""nofollow"">Twitter for iPhone</a>","Ok, I'm over disappointing results for todays #USOpen but it is ok as it<ed><U+00A0><U+00BD><ed><U+00B1><U+0080>like #Rafa is restoring the balance.Then just #Delpo &amp; #Keys to go<ed><U+00A0><U+00BE><ed><U+00B4><U+009E>",FALSE
"2017-09-06",0,FALSE,"905507609750491137",FALSE,NA,NA,"905505545699938304","KimChakanetsa","252585753",0,FALSE,"ambokowameyo","<a href=""http://twitter.com/download/android"" rel=""nofollow"">Twitter for Android</a>","@KimChakanetsa @NishatL @Msuwonkunda @ebraheemshehu @RafaelNadal I'm watching on behalf of those who voluntarily  c… https://t.co/dWJhY41ksQ",TRUE
"2017-09-06",0,FALSE,"905504687771791360",FALSE,NA,NA,NA,NA,NA,0,FALSE,"romanzum","<a href=""http://twitter.com/download/android"" rel=""nofollow"">Twitter for Android</a>","#Rafa 6:1 gana el 1er set.... #vamos #USOpen",FALSE
"2017-09-06",0,FALSE,"905504642234073089",FALSE,NA,NA,NA,NA,NA,0,FALSE,"FedexMahindra18","<a href=""http://twitter.com/download/iphone"" rel=""nofollow"">Twitter for iPhone</a>","Oh dear, the #Rublev kid is getting schooled by #Rafa. #USOpen",FALSE
"2017-09-06",0,FALSE,"905504430132535298",FALSE,NA,NA,NA,NA,NA,0,FALSE,"nitinjauhari","<a href=""http://twitter.com"" rel=""nofollow"">Twitter Web Client</a>","#Rafa #Nadal beast mode unleashed!! #USOpen #Champion",FALSE
"2017-09-06",0,FALSE,"905504374063058948",FALSE,NA,NA,NA,NA,NA,0,FALSE,"toddadam","<a href=""http://twitter.com"" rel=""nofollow"">Twitter Web Client</a>","Vamos, @RafaelNadal! First set 6-1 in 23 minutes!
#USOpen #Rafa #Vamos",FALSE
"2017-09-06",0,FALSE,"905504277715701761",FALSE,NA,NA,NA,NA,NA,0,FALSE,"ultm8swfans","<a href=""http://twitter.com"" rel=""nofollow"">Twitter Web Client</a>","Whoa.. RUTHLESS! #Rafa serves out the first set 6-1 in 2 minutes! #Vamos!  <ed><U+00A0><U+00BD><ed><U+00B4><U+00A5><ed><U+00A0><U+00BD><ed><U+00B4><U+00A5><ed><U+00A0><U+00BD><ed><U+00B2><U+00AA><ed><U+00A0><U+00BD><ed><U+00B2><U+00AA> #USOpen",FALSE
"2017-09-06",0,FALSE,"905503848210497536",FALSE,NA,NA,NA,NA,NA,0,FALSE,"segconvocar","<a href=""http://twitter.com/download/iphone"" rel=""nofollow"">Twitter for iPhone</a>","YES! You are the best #RAFA. @ #usopen tennis <ed><U+00A0><U+00BC><ed><U+00BE><U+00BE><ed><U+00A0><U+00BC><ed><U+00B7><U+00AA><ed><U+00A0><U+00BC><ed><U+00B7><U+00B8><ed><U+00A0><U+00BD><ed><U+00B8><U+0098><ed><U+00A0><U+00BD><ed><U+00B1><U+0091><U+2139><ed><U+00A0><U+00BE><ed><U+00B4><U+0091><U+26A0> &lt;<ed><U+00A0><U+00BD><ed><U+00B1><U+0081>&gt;",FALSE
"2017-09-06",1,FALSE,"905503672389574657",FALSE,NA,NA,NA,NA,NA,0,FALSE,"hannek","<a href=""http://twitter.com/download/iphone"" rel=""nofollow"">Twitter for iPhone</a>","That's how you play a return game, folks! #Rafa #USOpen",FALSE
"2017-09-06",0,FALSE,"905503652051341314",FALSE,NA,NA,NA,NA,NA,0,FALSE,"ultm8swfans","<a href=""http://twitter.com"" rel=""nofollow"">Twitter Web Client</a>","#Rafa with the insurance break, leads 5-1! C'mon #Rafa #Vamos! #USOpen",FALSE
"2017-09-06",1,FALSE,"905503451253268481",FALSE,NA,NA,NA,NA,NA,0,FALSE,"ultm8swfans","<a href=""http://twitter.com"" rel=""nofollow"">Twitter Web Client</a>","Won't be able to watch entire #Rafa vs #Rublev but hope no letdown &amp; #Rafa wins in straights! #Vamos! <ed><U+00A0><U+00BD><ed><U+00B8><U+0084><ed><U+00A0><U+00BD><ed><U+00B2><U+00AA>#USOpen",FALSE
"2017-09-06",0,FALSE,"905503023220305921",FALSE,NA,NA,NA,NA,NA,0,FALSE,"jaladhi11","<a href=""http://twitter.com/download/iphone"" rel=""nofollow"">Twitter for iPhone</a>","Well it looks like the 19 year old needs to be at his very best to stay in vs the ace @RafaelNadal at the @usopen #QF #Rafa #usopen #tennis",FALSE
"2017-09-06",1,FALSE,"905502845658648578",FALSE,NA,NA,NA,NA,NA,0,FALSE,"ultm8swfans","<a href=""http://twitter.com"" rel=""nofollow"">Twitter Web Client</a>","#Rafa got the early break, lost &amp; regained it, consolidates, now leads 4-1 in the first! #Vamos! <ed><U+00A0><U+00BD><ed><U+00B2><U+00AA><ed><U+00A0><U+00BD><ed><U+00B2><U+00AA> #USOpen",FALSE
"2017-09-06",1,FALSE,"905502806953664513",FALSE,NA,NA,NA,NA,NA,0,FALSE,"loreley4tennis","<a href=""http://twitter.com"" rel=""nofollow"">Twitter Web Client</a>","He did't lie when he said that he asked his mom to buy him Nadal's  outfits. <ed><U+00A0><U+00BD><ed><U+00B0><U+00B1>#Rublev #Rafa #USOpen https://t.co/Y3FcLb8i3s",FALSE
"2017-09-06",0,FALSE,"905502758714953728",FALSE,NA,NA,NA,NA,NA,0,FALSE,"Michl_MRXI","<a href=""http://twitter.com/download/iphone"" rel=""nofollow"">Twitter for iPhone</a>","Vamos #Rafa <ed><U+00A0><U+00BD><ed><U+00B2><U+00AA><ed><U+00A0><U+00BC><ed><U+00BF><U+00BB>

#USOpen",FALSE
"2017-09-06",0,FALSE,"905502286251773952",FALSE,NA,NA,NA,NA,NA,0,FALSE,"AliQuack","<a href=""http://twitter.com/download/android"" rel=""nofollow"">Twitter for Android</a>","Things that have managed to lighten my mood: #Rafa's winning shots. Things of beauty (along with his biceps lol) #USOpen",FALSE
"2017-09-06",0,FALSE,"905501441355284480",FALSE,NA,NA,NA,NA,NA,0,FALSE,"cengiizzakd","<a href=""http://twitter.com/download/android"" rel=""nofollow"">Twitter for Android</a>","Vamos #Rafa! <ed><U+00A0><U+00BC><ed><U+00BE><U+00BE>#Nadal #USOpen https://t.co/zdeMJRyrNp",FALSE
"2017-09-06",1,FALSE,"905499732264574976",FALSE,NA,NA,NA,NA,NA,0,FALSE,"ManojB90","<a href=""http://twitter.com"" rel=""nofollow"">Twitter Web Client</a>","Staying up late even though I have a morning shift tomorrow because #Rafa. Totally worth it. Vamos! #USOpen",FALSE
"2017-09-06",5,FALSE,"905499598348746752",FALSE,NA,NA,NA,NA,NA,0,FALSE,"CoffeeBreakTens","<a href=""http://twitter.com/download/iphone"" rel=""nofollow"">Twitter for iPhone</a>","#fedheads should be excited when @bgtennisnation compares #Rubles to Davydenko, a player who could trouble #Rafa on hardcourts.
#USOpen",FALSE
"2017-09-06",0,FALSE,"905498747379081216",FALSE,"41.02342238","28.87239245",NA,NA,NA,0,FALSE,"CemCeviz","<a href=""http://instagram.com"" rel=""nofollow"">Instagram</a>","Good luck Rafa... #usopen #quarterfinal #rafaelnadal #rafa… https://t.co/tuKNY31Hgx",FALSE
"2017-09-06",0,FALSE,"905498099950477314",FALSE,NA,NA,NA,NA,NA,0,FALSE,"SportsStreamuk","<a href=""http://twitter.com"" rel=""nofollow"">Twitter Web Client</a>","<ed><U+00A0><U+00BC><ed><U+00BE><U+00BE>#Tennis #RafaelNadal v #Rublev in #USOPEN

<ed><U+00A0><U+00BD><ed><U+00B3><U+00BA>Watch live online via<U+27A1><U+FE0F>https://t.co/snrzgyhV0Q 

#USOPEN2017 #Nadal… https://t.co/ygXf2WM1i4",TRUE
"2017-09-06",1,FALSE,"905496126329114624",FALSE,NA,NA,NA,NA,NA,0,FALSE,"TheBreakdownAU","<a href=""http://twitter.com/download/iphone"" rel=""nofollow"">Twitter for iPhone</a>","Great stats piece in @telegraph_sport by @simonrbriggs on why #usopen has never seen one of the all-time match ups… https://t.co/vdaNWknwb6",TRUE
"2017-09-06",0,FALSE,"905495227594571777",FALSE,NA,NA,NA,NA,NA,0,FALSE,"nene_nadal","<a href=""http://twitter.com/download/iphone"" rel=""nofollow"">Twitter for iPhone</a>","it's #Rafa time #USOpen  #<U+0623><U+0645><U+064A><U+0631><U+0643><U+0627>_<U+0627><U+0644><U+0645><U+0641><U+062A><U+0648><U+062D><U+0629> #VamosRafa #Nadal #Rublev #rafaelnadal <ed><U+00A0><U+00BD><ed><U+00B2><U+00AA><ed><U+00A0><U+00BC><ed><U+00BF><U+00BB><ed><U+00A0><U+00BD><ed><U+00B2><U+00AA><ed><U+00A0><U+00BC><ed><U+00BF><U+00BB> https://t.co/MQfIdq1Dqs",FALSE
"2017-09-06",0,FALSE,"905495091162251264",FALSE,NA,NA,NA,NA,NA,0,FALSE,"AnneElshaw","<a href=""http://twitter.com/download/iphone"" rel=""nofollow"">Twitter for iPhone</a>","#Rafa!! Let's go! <ed><U+00A0><U+00BC><ed><U+00BE><U+00BE>#USOpen",FALSE
"2017-09-06",0,FALSE,"905494589951410176",FALSE,NA,NA,NA,NA,NA,0,FALSE,"AliQuack","<a href=""http://twitter.com/download/android"" rel=""nofollow"">Twitter for Android</a>","#Rafa is about to start his #USOpen quarter final,  I can turn over from the depression of #c4news",FALSE
"2017-09-06",0,FALSE,"905494130800955393",FALSE,NA,NA,NA,NA,NA,0,FALSE,"Mikeytickets319","<a href=""http://twitter.com/download/android"" rel=""nofollow"">Twitter for Android</a>","#USOpen #RAFA",FALSE
"2017-09-06",0,FALSE,"905492355595296772",FALSE,NA,NA,NA,NA,NA,0,FALSE,"Kralyanist","<a href=""http://twitter.com/download/android"" rel=""nofollow"">Twitter for Android</a>","Asiri duygusal olacak! Bekliyoruz.. #USOpen #RaFa <ed><U+00A0><U+00BC><ed><U+00BE><U+00BE><ed><U+00A0><U+00BD><ed><U+00B9><U+008C> https://t.co/rGz2yUNBky",FALSE
"2017-09-06",0,FALSE,"905491845286944768",FALSE,NA,NA,NA,NA,NA,0,FALSE,"segconvocar","<a href=""http://twitter.com/download/iphone"" rel=""nofollow"">Twitter for iPhone</a>","Let's GO! #RAFA @ #usopen tennis <ed><U+00A0><U+00BD><ed><U+00B8><U+0098><ed><U+00A0><U+00BC><ed><U+00B7><U+00AA><ed><U+00A0><U+00BC><ed><U+00B7><U+00B8><ed><U+00A0><U+00BD><ed><U+00B2><U+00AA><ed><U+00A0><U+00BC><ed><U+00BE><U+00BE><ed><U+00A0><U+00BD><ed><U+00B1><U+0091><U+2139><ed><U+00A0><U+00BE><ed><U+00B4><U+0091><U+26A0> &lt;<ed><U+00A0><U+00BD><ed><U+00B1><U+0081>&gt;",FALSE
"2017-09-06",0,FALSE,"905490795989528576",FALSE,NA,NA,NA,NA,NA,0,FALSE,"ShantiSammi","<a href=""http://twitter.com/download/iphone"" rel=""nofollow"">Twitter for iPhone</a>","It's almost #Rafa o'clock and the tension is mounting..... #nervous #nadal #rublev #usopen https://t.co/3amztkNNDu",FALSE
"2017-09-06",0,FALSE,"905489927772794887",FALSE,NA,NA,NA,NA,NA,0,FALSE,"tsetse_la_tweet","<a href=""http://twitter.com"" rel=""nofollow"">Twitter Web Client</a>","Vamos! #rafa #USOpen  <ed><U+00A0><U+00BD><ed><U+00B2><U+00AA><ed><U+00A0><U+00BC><ed><U+00BE><U+00BE><ed><U+00A0><U+00BC><ed><U+00B7><U+00AA><ed><U+00A0><U+00BC><ed><U+00B7><U+00B8>",FALSE
"2017-09-06",0,FALSE,"905483240294764545",FALSE,NA,NA,NA,NA,NA,0,FALSE,"SportsStreamuk","<a href=""https://about.twitter.com/products/tweetdeck"" rel=""nofollow"">TweetDeck</a>","<ed><U+00A0><U+00BC><ed><U+00BE><U+00BE>#Tennis #RafaelNadal v #Rublev in #USOPEN

<ed><U+00A0><U+00BD><ed><U+00B3><U+00BA>Watch live online via<U+27A1><U+FE0F>https://t.co/snrzgyhV0Q

#USOPEN2017 #Nadal… https://t.co/jiQrJNN3Ro",TRUE
"2017-09-06",0,FALSE,"905483027219972104",FALSE,NA,NA,NA,NA,NA,0,FALSE,"BillSimons1","<a href=""http://twitter.com"" rel=""nofollow"">Twitter Web Client</a>","Will we soon see 2 No. 1's from Spain/#Rafa and #GarbineMuguruzza
#USOpen",FALSE
"2017-09-06",0,FALSE,"905470776391774209",FALSE,NA,NA,"905441226127806464","usopen","14836197",0,FALSE,"ultm8swfans","<a href=""http://twitter.com"" rel=""nofollow"">Twitter Web Client</a>","@usopen @AndreyRublev97 @ATPWorldTour Looking more likely, but 2017 @usopen has been very unpredictable, but you ne… https://t.co/vINAdrmH3V",TRUE
"2017-09-06",0,FALSE,"905469626653409281",FALSE,NA,NA,"905438016658919424","usopen","14836197",0,FALSE,"ultm8swfans","<a href=""http://twitter.com"" rel=""nofollow"">Twitter Web Client</a>","@usopen @rogerfederer @delpotrojuan #Delpo def #Rafa in SF &amp; #Federer in Final from 2 sets to one down, totally une… https://t.co/a3UEC0VVYz",TRUE
"2017-09-06",0,FALSE,"905468137604345856",FALSE,NA,NA,NA,NA,NA,1,FALSE,"ClubhouseSheff","<a href=""http://pubs.matchpint.co.uk/"" rel=""nofollow"">MatchPint Pub Platform</a>",".@usopen .@RafaelNadal in 1/4 final action tonight from the #USOpen #tennis #Rafa #sportsbar— Find out more here: https://t.co/rylA9kjZ6L",FALSE
"2017-09-06",0,FALSE,"905433595191361542",FALSE,NA,NA,NA,NA,NA,0,FALSE,"RadekATP","<a href=""http://twitter.com/download/android"" rel=""nofollow"">Twitter for Android</a>","#Rafa juz rozgrywa sie przed cwiercfinalowym meczem #USOpen z #Rublev|em . https://t.co/JmS0plNYK9",FALSE
"2017-09-06",54,FALSE,"905415389344960512",FALSE,NA,NA,NA,NA,NA,17,FALSE,"TennisChannel","<a href=""http://snappytv.com"" rel=""nofollow"">SnappyTV.com</a>","Today:
<ed><U+00A0><U+00BC><ed><U+00B7><U+00A8><ed><U+00A0><U+00BC><ed><U+00B7><U+00AD>@RogerFederer v. <ed><U+00A0><U+00BC><ed><U+00B7><U+00A6><ed><U+00A0><U+00BC><ed><U+00B7><U+00B7>@DelPotroJuan
<ed><U+00A0><U+00BC><ed><U+00B7><U+00AA><ed><U+00A0><U+00BC><ed><U+00B7><U+00B8>@RafaelNadal v. <ed><U+00A0><U+00BC><ed><U+00B7><U+00B7><ed><U+00A0><U+00BC><ed><U+00B7><U+00BA>@AndreyRublev97
#RF/#Rafa could be on the horizon.
Le… https://t.co/3xblyrMEc9",TRUE
"2017-09-06",0,FALSE,"905410207907323908",FALSE,NA,NA,NA,"usopen","14836197",0,FALSE,"rakeshdas08","<a href=""http://www.tweetcaster.com"" rel=""nofollow"">TweetCaster for Android</a>","@usopen One more matches each. Then awaits the grand semis!!! #Roger #Rafa #USOpen",FALSE
"2017-09-06",0,FALSE,"905377372039471106",FALSE,NA,NA,NA,NA,NA,0,FALSE,"EmsyWemsy91","<a href=""http://twitter.com"" rel=""nofollow"">Twitter Web Client</a>","That's true that #Rafa is incredible tennis player. Is one of the best ever. That's normal, no? #CarrenoBusta #USOpen",FALSE
"2017-09-06",0,FALSE,"905366132705644544",FALSE,NA,NA,NA,NA,NA,0,FALSE,"sidramo","<a href=""http://twitter.com/download/android"" rel=""nofollow"">Twitter for Android</a>","#Federer in 3 &amp; #Rafa in 4 .. maybe 3 .. it's finally time for #Fedal at the #USOpen :)",FALSE
"2017-09-06",0,FALSE,"905348019687612416",FALSE,NA,NA,NA,NA,NA,0,FALSE,"sakshi2929","<a href=""http://twitter.com/download/android"" rel=""nofollow"">Twitter for Android</a>","I want a Nadal v Fed encounter in #USOpen. But then I also want @delpotrojuan to progress. Such difficult choices in life :D #Federer #Rafa",FALSE
"2017-09-06",2,FALSE,"905313504533536768",FALSE,NA,NA,NA,NA,NA,1,FALSE,"wgsNYC","<a href=""http://twitter.com/download/iphone"" rel=""nofollow"">Twitter for iPhone</a>","Unbelievable match! And just like that, Anderson sent #Querrey packing. Well-deserved standing ovation! <ed><U+00A0><U+00BD><ed><U+00B1><U+008F><ed><U+00A0><U+00BC><ed><U+00BF><U+00BC> 2am <ed><U+00A0><U+00BD><ed><U+00B8><U+00B1>#Rafa tomorrow. #USOpen",FALSE
"2017-09-05",0,FALSE,"905271383059509248",TRUE,NA,NA,NA,NA,NA,1,FALSE,"jakedavi5","<a href=""http://twitter.com"" rel=""nofollow"">Twitter Web Client</a>","RT @OnCourtAd: 19 yo #Rublev bids to be youngest in semis @usopen #USOpen since #Hewitt in 2000 &amp; in a Slam since #Rafa #Nadal in 2005 @Rol…",FALSE
"2017-09-05",1,FALSE,"905271198203990016",FALSE,NA,NA,NA,NA,NA,1,FALSE,"OnCourtAd","<a href=""http://twitter.com/download/iphone"" rel=""nofollow"">Twitter for iPhone</a>","19 yo #Rublev bids to be youngest in semis @usopen #USOpen since #Hewitt in 2000 &amp; in a Slam since #Rafa #Nadal in 2005 @RolandGarros",FALSE
"2017-09-05",0,FALSE,"905258344088305664",FALSE,NA,NA,NA,NA,NA,0,FALSE,"eandcpress","<a href=""http://twitter.com"" rel=""nofollow"">Twitter Web Client</a>","What #ATP star R U XCited 2 C #Usopen2017 QF?
#juanmartindelpotro 
#RogerFederer 
#Andrey #rublev 
#Rafa #Nadal 
#DelPotro 
#Delpo 
#USOpen",FALSE
"2017-09-05",0,FALSE,"905239499814440967",FALSE,NA,NA,NA,NA,NA,0,FALSE,"oma_petra","<a href=""http://twitter.com/download/iphone"" rel=""nofollow"">Twitter for iPhone</a>","Have never watched SOO many amazing tennis matches as this years @usopen #usopen #bravo #venus #kavitova #shapo #fed #rafa",FALSE
